<?xml version="1.0" encoding="UTF-8"?>
<RiHa:vraagDossierVES-Di02 xmlns:StUF="http://www.egem.nl/StUF/StUF0301" xmlns:BG="http://www.egem.nl/StUF/sector/bg/0310"  xmlns:ZKN="http://www.egem.nl/StUF/sector/zkn/0310" xmlns:RiHa="http://www.ictu.nl/StUF/RiHa/0301" xmlns:xsi="http://www.w3.org/2001/XMLSchema-instance" xsi:schemaLocation="http://www.ictu.nl/StUF/RiHa/0301 ../inspectieview/riha0301_msg_inspectieview.xsd">
	<RiHa:stuurgegevens>
		<StUF:berichtcode>Di02</StUF:berichtcode>
		<StUF:zender>
			<StUF:applicatie>PA IV Milieu</StUF:applicatie>
		</StUF:zender>
		<StUF:referentienummer>11111111-abcd-1234-fedc-abcd12349876</StUF:referentienummer>
		<StUF:functie>vraagDossierVES</StUF:functie>
	</RiHa:stuurgegevens>
	<RiHa:parameters>
		<RiHa:centraalBerichtnummer>12345678-abcd-1234-fedcabcd12349876</RiHa:centraalBerichtnummer>
	</RiHa:parameters>
	<RiHa:gebruiker StUF:entiteittype="GBR" StUF:functie="entiteit">
		<RiHa:afzender>PA IV Milieu</RiHa:afzender>
		<RiHa:indicatieEindgebruiker>VI</RiHa:indicatieEindgebruiker>
	</RiHa:gebruiker>
	<RiHa:betrokkenVES StUF:entiteittype="VES" StUF:functie="selectie">
		<RiHa:gelijk StUF:entiteittype="VES" StUF:sleutelOntvangend="123789456123789">
			<RiHa:isAfkomstigVan StUF:entiteittype="VESBRS">
				<RiHa:gerelateerde StUF:entiteittype="BRS">
					<RiHa:bron>Bron 1</RiHa:bron>
				</RiHa:gerelateerde>
			</RiHa:isAfkomstigVan>
		</RiHa:gelijk>
	</RiHa:betrokkenVES>
	<RiHa:handhavingsobject StUF:entiteittype="HOB" StUF:functie="selectie">
		<RiHa:vanaf StUF:entiteittype="HOB">
	  <RiHa:ingangsdatumObject xsi:nil="true" StUF:noValue="geenWaarde"/>
			<RiHa:einddatumObject>20110703</RiHa:einddatumObject>
		</RiHa:vanaf>
		<RiHa:totEnMet StUF:entiteittype="HOB">
			<RiHa:ingangsdatumObject>20111231</RiHa:ingangsdatumObject>
			<RiHa:einddatumObject xsi:nil="true" StUF:noValue="geenWaarde"/>
		</RiHa:totEnMet>
		<RiHa:scope>
			<RiHa:handhavingsobject StUF:entiteittype="HOB" StUF:scope="alles"/>
		</RiHa:scope>
	</RiHa:handhavingsobject>
	<RiHa:samenvatting StUF:entiteittype="SVD" StUF:functie="selectie">
		<RiHa:scope>
			<RiHa:samenvatting StUF:entiteittype="SVD" StUF:scope="alles"/>
		</RiHa:scope>
	</RiHa:samenvatting>
	<RiHa:handhavingszaak StUF:entiteittype="HHZ" StUF:functie="selectie">
		<RiHa:vanaf StUF:entiteittype="HHZ">
			<RiHa:isEen StUF:entiteittype="VTHZAK">
				<RiHa:gerelateerde StUF:entiteittype="ZAK">
	  	<ZKN:startdatum xsi:nil="true" StUF:noValue="geenWaarde"/>
					<ZKN:einddatum>20110703</ZKN:einddatum>
				</RiHa:gerelateerde>
			</RiHa:isEen>
		</RiHa:vanaf>
		<RiHa:totEnMet StUF:entiteittype="HHZ">
			<RiHa:isEen StUF:entiteittype="VTHZAK">
				<RiHa:gerelateerde StUF:entiteittype="ZAK">
					<ZKN:startdatum>20111231</ZKN:startdatum>
		<ZKN:einddatum xsi:nil="true" StUF:noValue="geenWaarde"/>
				</RiHa:gerelateerde>
			</RiHa:isEen>
		</RiHa:totEnMet>
		<RiHa:scope>
			<RiHa:handhavingszaak StUF:entiteittype="HHZ" StUF:scope="alles"/>
		</RiHa:scope>
	</RiHa:handhavingszaak>
	<RiHa:signaalzaak StUF:entiteittype="SNZ" StUF:functie="selectie">
		<RiHa:vanaf StUF:entiteittype="SNZ">
			<RiHa:isEen StUF:entiteittype="VTHZAK">
				<RiHa:gerelateerde StUF:entiteittype="ZAK">
					<ZKN:startdatum xsi:nil="true" StUF:noValue="geenWaarde"/>
					<ZKN:einddatum>20110703</ZKN:einddatum>
				</RiHa:gerelateerde>
			</RiHa:isEen>
		</RiHa:vanaf>
		<RiHa:totEnMet StUF:entiteittype="SNZ">
			<RiHa:isEen StUF:entiteittype="VTHZAK">
				<RiHa:gerelateerde StUF:entiteittype="ZAK">
					<ZKN:startdatum>20111231</ZKN:startdatum>
					<ZKN:einddatum xsi:nil="true" StUF:noValue="geenWaarde"/>
				</RiHa:gerelateerde>
			</RiHa:isEen>
		</RiHa:totEnMet>
		<RiHa:scope>
			<RiHa:signaalzaak StUF:entiteittype="SNZ" StUF:scope="alles"/>
		</RiHa:scope>
	</RiHa:signaalzaak>
	<RiHa:toezichtzaak StUF:entiteittype="TZZ" StUF:functie="selectie">
		<RiHa:vanaf StUF:entiteittype="TZZ">
			<RiHa:isEen StUF:entiteittype="VTHZAK">
				<RiHa:gerelateerde StUF:entiteittype="ZAK">
					<ZKN:startdatum xsi:nil="true" StUF:noValue="geenWaarde"/>
					<ZKN:einddatum>20110703</ZKN:einddatum>
				</RiHa:gerelateerde>
			</RiHa:isEen>
		</RiHa:vanaf>
		<RiHa:totEnMet StUF:entiteittype="TZZ">
			<RiHa:isEen StUF:entiteittype="VTHZAK">
				<RiHa:gerelateerde StUF:entiteittype="ZAK">
					<ZKN:startdatum>20111231</ZKN:startdatum>
					<ZKN:einddatum xsi:nil="true" StUF:noValue="geenWaarde"/>
				</RiHa:gerelateerde>
			</RiHa:isEen>
		</RiHa:totEnMet>
		<RiHa:scope>
			<RiHa:toezichtzaak StUF:entiteittype="TZZ" StUF:scope="alles"/>
		</RiHa:scope>
	</RiHa:toezichtzaak>
</RiHa:vraagDossierVES-Di02>
