<?xml version="1.0" encoding="UTF-8"?>
<RiHa:vraagDossier-Du02 xmlns:StUF="http://www.egem.nl/StUF/StUF0301" xmlns:BG="http://www.egem.nl/StUF/sector/bg/0310" xmlns:ZKN="http://www.egem.nl/StUF/sector/zkn/0310" xmlns:RiHa="http://www.ictu.nl/StUF/RiHa/0301" xmlns:xsi="http://www.w3.org/2001/XMLSchema-instance" xsi:schemaLocation="http://www.ictu.nl/StUF/RiHa/0301 ../inspectieview/riha0301_msg_inspectieview.xsd">
	<RiHa:stuurgegevens>
		<StUF:berichtcode>Du02</StUF:berichtcode>
		<StUF:functie>vraagDossier</StUF:functie>
	</RiHa:stuurgegevens>
	<RiHa:bron StUF:entiteittype="BRS" StUF:functie="entiteit">
		<RiHa:bron>Bron 1</RiHa:bron>
		<RiHa:status>
			<RiHa:isBevraagd>J</RiHa:isBevraagd>
			<RiHa:heeftAntwoordGegeven>J</RiHa:heeftAntwoordGegeven>
		</RiHa:status>
	</RiHa:bron>
	<RiHa:vestiging StUF:entiteittype="VES" StUF:sleutelVerzendend="123789456123789">
		<RiHa:isEen StUF:entiteittype="VESVES">
			<RiHa:gerelateerde StUF:entiteittype="VES">
				<BG:vestigingsNummer xsi:nil="true" StUF:noValue="waardeOnbekend"/>
				<BG:handelsnaam>Pietersen Sanering</BG:handelsnaam>
				<BG:datumAanvang xsi:nil="true" StUF:noValue="waardeOnbekend"/>
				<BG:datumEinde xsi:nil="true" StUF:noValue="geenWaarde"/>
				<BG:activiteit>
					<BG:code>000000000008445</BG:code>
					<BG:indicatieHoofdactiviteit>J</BG:indicatieHoofdactiviteit>
				</BG:activiteit>
				<BG:activiteit>
					<BG:code>000000000000023</BG:code>
					<BG:indicatieHoofdactiviteit>N</BG:indicatieHoofdactiviteit>
				</BG:activiteit>
				<BG:verblijfsadres>
					<BG:wpl.woonplaatsNaam>Amsterdam</BG:wpl.woonplaatsNaam>
					<BG:gor.openbareRuimteNaam>Damrak</BG:gor.openbareRuimteNaam>
					<BG:aoa.postcode>1012LK</BG:aoa.postcode>
					<BG:aoa.huisnummer>1</BG:aoa.huisnummer>
					<BG:aoa.huisletter xsi:nil="true" StUF:noValue="geenWaarde"/>
					<BG:aoa.huisnummertoevoeging xsi:nil="true" StUF:noValue="geenWaarde"/>
					<BG:inp.locatiebeschrijving xsi:nil="true" StUF:noValue="geenWaarde"/>
				</BG:verblijfsadres>
				<BG:sub.correspondentieAdres>
					<BG:wpl.woonplaatsNaam>Amsterdam</BG:wpl.woonplaatsNaam>
					<BG:postcode>1012LK</BG:postcode>
					<BG:gor.openbareRuimteNaam>Damrak</BG:gor.openbareRuimteNaam>
					<BG:aoa.huisnummer>1</BG:aoa.huisnummer>
					<BG:aoa.huisletter xsi:nil="true" StUF:noValue="geenWaarde"/>
					<BG:aoa.huisnummertoevoeging xsi:nil="true" StUF:noValue="geenWaarde"/>
				</BG:sub.correspondentieAdres>
				<BG:sub.telefoonnummer>0123456789</BG:sub.telefoonnummer>
				<BG:oefentActiviteitenUitVoor StUF:entiteittype="VESMAC">
					<BG:gerelateerde StUF:entiteittype="MAC">
						<BG:kvkNummer>68431357</BG:kvkNummer>
					</BG:gerelateerde>
				</BG:oefentActiviteitenUitVoor>
			</RiHa:gerelateerde>
		</RiHa:isEen>
		<RiHa:isAfkomstigVan StUF:entiteittype="VESBRS">
			<RiHa:gerelateerde StUF:entiteittype="BRS">
				<RiHa:bron>Bron 1</RiHa:bron>
			</RiHa:gerelateerde>
		</RiHa:isAfkomstigVan>
	</RiHa:vestiging>
	<RiHa:vestiging StUF:entiteittype="VES" StUF:sleutelVerzendend="1111">
		<RiHa:isEen StUF:entiteittype="VESVES">
			<RiHa:gerelateerde StUF:entiteittype="VES">
				<BG:vestigingsNummer xsi:nil="true" StUF:noValue="waardeOnbekend"/>
				<BG:handelsnaam>UITV-DIENST MIDDEN</BG:handelsnaam>
				<BG:verblijfsadres>
					<BG:wpl.woonplaatsNaam>Alpen a/d Rijn</BG:wpl.woonplaatsNaam>
					<BG:gor.openbareRuimteNaam>Singel</BG:gor.openbareRuimteNaam>
					<BG:aoa.postcode>2365KF</BG:aoa.postcode>
					<BG:aoa.huisnummer>1</BG:aoa.huisnummer>
					<BG:aoa.huisletter xsi:nil="true" StUF:noValue="geenWaarde"/>
					<BG:aoa.huisnummertoevoeging xsi:nil="true" StUF:noValue="geenWaarde"/>
					<BG:inp.locatiebeschrijving xsi:nil="true" StUF:noValue="geenWaarde"/>
				</BG:verblijfsadres>
				<BG:oefentActiviteitenUitVoor StUF:entiteittype="VESMAC">
					<BG:gerelateerde StUF:entiteittype="MAC">
						<BG:kvkNummer xsi:nil="true" StUF:noValue="waardeOnbekend"/>
					</BG:gerelateerde>
				</BG:oefentActiviteitenUitVoor>
			</RiHa:gerelateerde>
		</RiHa:isEen>
		<RiHa:isAfkomstigVan StUF:entiteittype="VESBRS">
			<RiHa:gerelateerde StUF:entiteittype="BRS">
				<RiHa:bron>Bron 1</RiHa:bron>
			</RiHa:gerelateerde>
		</RiHa:isAfkomstigVan>
	</RiHa:vestiging>
	<RiHa:handhavingsobjecten StUF:functie="antwoord" StUF:entiteittype="HOB">
		<RiHa:parameters>
			<StUF:indicatorVervolgvraag>false</StUF:indicatorVervolgvraag>
		</RiHa:parameters>
		<RiHa:antwoord>
			<RiHa:handhavingsobject StUF:entiteittype="HOB" StUF:sleutelVerzendend="123789456123789">
				<RiHa:identificatie xsi:nil="true" StUF:noValue="waardeOnbekend"/>
				<RiHa:verantwoordelijkeOrganisatie xsi:nil="true" StUF:noValue="waardeOnbekend"/>
				<RiHa:soort xsi:nil="true" StUF:noValue="waardeOnbekend"/>
				<RiHa:omschrijving>Een omschrijving</RiHa:omschrijving>
				<RiHa:heeftInRol StUF:entiteittype="HOBBTR">
					<RiHa:gerelateerde>
						<RiHa:vestiging StUF:entiteittype="VES" StUF:sleutelVerzendend="123789456123789"/>
					</RiHa:gerelateerde>
				</RiHa:heeftInRol>
				<RiHa:isAfkomstigVan StUF:entiteittype="HOBBRS">
					<RiHa:gerelateerde StUF:entiteittype="BRS">
						<RiHa:bron>Bron 1</RiHa:bron>
					</RiHa:gerelateerde>
				</RiHa:isAfkomstigVan>
			</RiHa:handhavingsobject>
		</RiHa:antwoord>
	</RiHa:handhavingsobjecten>
	<RiHa:samenvattingen StUF:entiteittype="SVD" StUF:functie="antwoord">
		<RiHa:parameters>
			<StUF:indicatorVervolgvraag>false</StUF:indicatorVervolgvraag>
		</RiHa:parameters>
		<RiHa:antwoord>
			<RiHa:samenvatting StUF:entiteittype="SVD">
				<RiHa:aantalInspecties>1</RiHa:aantalInspecties>
				<RiHa:eersteInspectie>20110712</RiHa:eersteInspectie>
				<RiHa:laatsteInspectie>20110712</RiHa:laatsteInspectie>
				<RiHa:volgendeInspectie>20120712</RiHa:volgendeInspectie>
				<RiHa:aantalOvertredingen>1</RiHa:aantalOvertredingen>
				<RiHa:eersteOvertreding>20110623</RiHa:eersteOvertreding>
				<RiHa:laatsteOvertreding>20110623</RiHa:laatsteOvertreding>
				<RiHa:aantalZwareOvertredingen>1</RiHa:aantalZwareOvertredingen>
				<RiHa:eersteZwareOvertreding>20110623</RiHa:eersteZwareOvertreding>
				<RiHa:laatsteZwareOvertreding>20110623</RiHa:laatsteZwareOvertreding>
				<RiHa:aantalBevindingen>1</RiHa:aantalBevindingen>
				<RiHa:aantalSignalen>1</RiHa:aantalSignalen>
				<RiHa:eersteSignaal>20110522</RiHa:eersteSignaal>
				<RiHa:laatsteSignaal>20110522</RiHa:laatsteSignaal>
				<RiHa:isVoorBTR StUF:entiteittype="SVDBTR">
					<RiHa:gerelateerde>
						<RiHa:vestiging StUF:entiteittype="VES" StUF:sleutelVerzendend="123789456123789"/>
					</RiHa:gerelateerde>
				</RiHa:isVoorBTR>
				<RiHa:isAfkomstigVan StUF:entiteittype="SVDBRS">
					<RiHa:gerelateerde StUF:entiteittype="BRS">
						<RiHa:bron>Bron 1</RiHa:bron>
					</RiHa:gerelateerde>
				</RiHa:isAfkomstigVan>
			</RiHa:samenvatting>
		</RiHa:antwoord>
	</RiHa:samenvattingen>
	<RiHa:handhavingszaken StUF:entiteittype="HHZ" StUF:functie="antwoord">
		<RiHa:parameters>
			<StUF:indicatorVervolgvraag>false</StUF:indicatorVervolgvraag>
		</RiHa:parameters>
		<RiHa:antwoord>
			<RiHa:handhavingszaak StUF:entiteittype="HHZ" StUF:sleutelVerzendend="123789456123789">
				<RiHa:isEen StUF:entiteittype="VTHZAK">
					<RiHa:gerelateerde StUF:entiteittype="ZAK">
						<ZKN:identificatie>1234abcd</ZKN:identificatie>
					</RiHa:gerelateerde>
				</RiHa:isEen>
				<RiHa:wordtOfIsBehandeldDoor StUF:entiteittype="VTHBTRUTV">
					<RiHa:gerelateerde>
						<RiHa:vestiging StUF:entiteittype="VES" StUF:sleutelVerzendend="1111"/>
					</RiHa:gerelateerde>
				</RiHa:wordtOfIsBehandeldDoor>
				<RiHa:isAfkomstigVan StUF:entiteittype="VTHBRS">
					<RiHa:gerelateerde StUF:entiteittype="BRS">
						<RiHa:bron>Bron 1</RiHa:bron>
					</RiHa:gerelateerde>
				</RiHa:isAfkomstigVan>
				<RiHa:overtreding>
					<RiHa:overtredingsdatum>20111231</RiHa:overtredingsdatum>
					<RiHa:wetsartikel>VATW - 6.1</RiHa:wetsartikel>
					<RiHa:wetsartikelomschrijving>Verordeningen (EEG) 3820/85.3821</RiHa:wetsartikelomschrijving>
					<RiHa:instrument>signalering</RiHa:instrument>
					<RiHa:classificatie>licht</RiHa:classificatie>
					<RiHa:strafrechtindicatie>J</RiHa:strafrechtindicatie>
					<RiHa:heeftAlsOvertreder StUF:entiteittype="HHZBTR">
						<RiHa:gerelateerde>
							<RiHa:vestiging StUF:entiteittype="VES"  StUF:sleutelVerzendend="123789456123789"/>
						</RiHa:gerelateerde>
					</RiHa:heeftAlsOvertreder>
				</RiHa:overtreding>
			</RiHa:handhavingszaak>
		</RiHa:antwoord>
	</RiHa:handhavingszaken>
	<RiHa:signaalzaken StUF:entiteittype="SNZ" StUF:functie="antwoord">
		<RiHa:parameters>
			<StUF:indicatorVervolgvraag>false</StUF:indicatorVervolgvraag>
		</RiHa:parameters>
		<RiHa:antwoord>
			<RiHa:signaalzaak StUF:entiteittype="SNZ" StUF:sleutelVerzendend="123789456123789">
				<RiHa:isEen StUF:entiteittype="VTHZAK">
					<RiHa:gerelateerde StUF:entiteittype="ZAK">
						<ZKN:identificatie>1234abcd</ZKN:identificatie>
						<ZKN:omschrijving>Rapport</ZKN:omschrijving>
						<ZKN:toelichting>Omschrijving van het signaal</ZKN:toelichting>
					</RiHa:gerelateerde>
				</RiHa:isEen>
				<RiHa:heeftBetrekkingOp StUF:entiteittype="VTHHOB">
					<RiHa:gerelateerde StUF:entiteittype="HOB" StUF:sleutelVerzendend="123789456123789"/>
				</RiHa:heeftBetrekkingOp>
				<RiHa:wordtOfIsBehandeldDoor StUF:entiteittype="VTHBTRUTV">
					<RiHa:gerelateerde>
						<RiHa:vestiging StUF:entiteittype="VES" StUF:sleutelVerzendend="1111"/>
					</RiHa:gerelateerde>
				</RiHa:wordtOfIsBehandeldDoor>
				<RiHa:isAfkomstigVan StUF:entiteittype="VTHBRS">
					<RiHa:gerelateerde StUF:entiteittype="BRS">
						<RiHa:bron>Bron 1</RiHa:bron>
					</RiHa:gerelateerde>
				</RiHa:isAfkomstigVan>
				<RiHa:categorie>hinderwet</RiHa:categorie>
				<RiHa:datumIndienen>20110101</RiHa:datumIndienen>
				<RiHa:beginSignaaltijdvak>20110101</RiHa:beginSignaaltijdvak>
				<RiHa:eindSignaaltijdvak>20111231</RiHa:eindSignaaltijdvak>
			</RiHa:signaalzaak>
			<RiHa:signaalzaak StUF:entiteittype="SNZ" StUF:sleutelVerzendend="123789456123789">
				<RiHa:isEen StUF:entiteittype="VTHZAK">
					<RiHa:gerelateerde StUF:entiteittype="ZAK">
						<ZKN:identificatie>1234abcd</ZKN:identificatie>
						<ZKN:omschrijving>Rapport</ZKN:omschrijving>
						<ZKN:toelichting>Omschrijving van het signaal</ZKN:toelichting>
					</RiHa:gerelateerde>
				</RiHa:isEen>
				<RiHa:heeftBetrekkingOp StUF:entiteittype="VTHHOB">
					<RiHa:gerelateerde StUF:entiteittype="HOB" StUF:sleutelVerzendend="123789456123789"/>
				</RiHa:heeftBetrekkingOp>
				<RiHa:wordtOfIsBehandeldDoor StUF:entiteittype="VTHBTRUTV">
					<RiHa:gerelateerde>
						<RiHa:vestiging StUF:entiteittype="VES" StUF:sleutelVerzendend="1111"/>
					</RiHa:gerelateerde>
				</RiHa:wordtOfIsBehandeldDoor>
				<RiHa:isAfkomstigVan StUF:entiteittype="VTHBRS">
					<RiHa:gerelateerde StUF:entiteittype="BRS">
						<RiHa:bron>Bron 1</RiHa:bron>
					</RiHa:gerelateerde>
				</RiHa:isAfkomstigVan>
				<RiHa:categorie>hinderwet</RiHa:categorie>
				<RiHa:datumIndienen>20110101</RiHa:datumIndienen>
				<RiHa:beginSignaaltijdvak>20110101</RiHa:beginSignaaltijdvak>
				<RiHa:eindSignaaltijdvak>20111231</RiHa:eindSignaaltijdvak>
				<RiHa:ingediendDoorVerantwoordelijkeHOB>J</RiHa:ingediendDoorVerantwoordelijkeHOB>
			</RiHa:signaalzaak>
		</RiHa:antwoord>
	</RiHa:signaalzaken>
	<RiHa:toezichtzaken StUF:entiteittype="TZZ" StUF:functie="antwoord">
		<RiHa:parameters>
			<StUF:indicatorVervolgvraag>false</StUF:indicatorVervolgvraag>
		</RiHa:parameters>
		<RiHa:antwoord>
			<RiHa:toezichtzaak StUF:entiteittype="TZZ" StUF:sleutelVerzendend="123789456123789">
				<RiHa:isEen StUF:entiteittype="VTHZAK">
					<RiHa:gerelateerde StUF:entiteittype="ZAK">
						<ZKN:identificatie>1234abcd</ZKN:identificatie>
						<ZKN:omschrijving>Rapport</ZKN:omschrijving>
						<ZKN:resultaat>
							<ZKN:omschrijving>Overtredingen</ZKN:omschrijving>
						</ZKN:resultaat>
						<ZKN:startdatum>20110101</ZKN:startdatum>
						<ZKN:einddatum>20111231</ZKN:einddatum>
						<ZKN:heeft StUF:entiteittype="ZAKSTT">
							<ZKN:gerelateerde StUF:entiteittype="STT">
								<ZKN:omschrijving>Afgesloten</ZKN:omschrijving>
							</ZKN:gerelateerde>
						</ZKN:heeft>
						<ZKN:heeftRelevant StUF:entiteittype="ZAKEDC">
							<ZKN:gerelateerde StUF:entiteittype="EDC">
								<ZKN:identificatie>987961JKZ</ZKN:identificatie>
								<ZKN:dct.omschrijvingGeneriek>Rapport</ZKN:dct.omschrijvingGeneriek>
								<ZKN:titel>Een omschrijving van het document</ZKN:titel>
								<ZKN:link>https://www.e-overheid.nl/document/123.pdf</ZKN:link>
							</ZKN:gerelateerde>
						</ZKN:heeftRelevant>
					</RiHa:gerelateerde>
				</RiHa:isEen>
				<RiHa:heeftBetrekkingOp StUF:entiteittype="VTHHOB">
					<RiHa:gerelateerde StUF:entiteittype="HOB" StUF:sleutelVerzendend="123789456123789"/>
				</RiHa:heeftBetrekkingOp>
				<RiHa:isAanleidingTot StUF:entiteittype="VTHVTHANL">
					<RiHa:gerelateerde>
						<RiHa:handhavingszaak StUF:entiteittype="HHZ" StUF:sleutelVerzendend="123789456123789">
							<RiHa:isEen StUF:entiteittype="VTHZAK">
								<RiHa:gerelateerde StUF:entiteittype="ZAK">
									<ZKN:identificatie>1234abcd</ZKN:identificatie>
								</RiHa:gerelateerde>
							</RiHa:isEen>
							<RiHa:wordtOfIsBehandeldDoor StUF:entiteittype="VTHBTRUTV">
								<RiHa:gerelateerde>
									<RiHa:vestiging StUF:entiteittype="VES" StUF:sleutelVerzendend="1111"/>
								</RiHa:gerelateerde>
							</RiHa:wordtOfIsBehandeldDoor>
							<RiHa:isAfkomstigVan StUF:entiteittype="VTHBRS">
								<RiHa:gerelateerde StUF:entiteittype="BRS">
									<RiHa:bron>Bron 1</RiHa:bron>
								</RiHa:gerelateerde>
							</RiHa:isAfkomstigVan>
							<RiHa:overtreding>
								<RiHa:overtredingsdatum>20111231</RiHa:overtredingsdatum>
								<RiHa:wetsartikel>VATW - 6.1</RiHa:wetsartikel>
								<RiHa:wetsartikelomschrijving>Verordeningen (EEG) 3820/85.3821</RiHa:wetsartikelomschrijving>
								<RiHa:instrument>signalering</RiHa:instrument>
								<RiHa:classificatie>licht</RiHa:classificatie>
								<RiHa:strafrechtindicatie>J</RiHa:strafrechtindicatie>
								<RiHa:heeftAlsOvertreder StUF:entiteittype="HHZBTR">
									<RiHa:gerelateerde>
										<RiHa:vestiging StUF:entiteittype="VES" StUF:sleutelVerzendend="123789456123789"/>
									</RiHa:gerelateerde>
								</RiHa:heeftAlsOvertreder>
							</RiHa:overtreding>
						</RiHa:handhavingszaak>
					</RiHa:gerelateerde>
				</RiHa:isAanleidingTot>
				<RiHa:wordtOfIsBehandeldDoor StUF:entiteittype="VTHBTRUTV">
					<RiHa:gerelateerde>
						<RiHa:vestiging StUF:entiteittype="VES" StUF:sleutelVerzendend="1111"/>
					</RiHa:gerelateerde>
				</RiHa:wordtOfIsBehandeldDoor>
				<RiHa:behandelaar>
					<RiHa:achternaam>Jansen</RiHa:achternaam>
					<RiHa:voorletters>J.</RiHa:voorletters>
					<RiHa:voorvoegselAchternaam xsi:nil="true" StUF:noValue="geenWaarde"/>
					<RiHa:telefoonnummer>0123456789</RiHa:telefoonnummer>
				</RiHa:behandelaar>
				<RiHa:isAfkomstigVan StUF:entiteittype="VTHBRS">
					<RiHa:gerelateerde StUF:entiteittype="BRS">
						<RiHa:bron>Bron 1</RiHa:bron>
					</RiHa:gerelateerde>
				</RiHa:isAfkomstigVan>
				<RiHa:inspectietype>klacht</RiHa:inspectietype>
				<RiHa:bevinding>
					<RiHa:controleElementaanduiding>00001</RiHa:controleElementaanduiding>
					<RiHa:resultaat>OK</RiHa:resultaat>
					<RiHa:bijzonderheden>De bijzonderheden</RiHa:bijzonderheden>
				</RiHa:bevinding>
			</RiHa:toezichtzaak>
		</RiHa:antwoord>
	</RiHa:toezichtzaken>
</RiHa:vraagDossier-Du02>
