<?xml version="1.0" encoding="UTF-8"?>
<RiHa:vraagHandhavingsobject-Du02 xmlns:StUF="http://www.egem.nl/StUF/StUF0301" xmlns:BG="http://www.egem.nl/StUF/sector/bg/0310" xmlns:RiHa="http://www.ictu.nl/StUF/RiHa/0301" xmlns:xsi="http://www.w3.org/2001/XMLSchema-instance" xsi:schemaLocation="http://www.ictu.nl/StUF/RiHa/0301 ../inspectieview/riha0301_msg_inspectieview.xsd">
	<RiHa:stuurgegevens>
		<StUF:berichtcode>Du02</StUF:berichtcode>
		<StUF:functie>vraagHandhavingsobject</StUF:functie>
	</RiHa:stuurgegevens>
	<RiHa:bron StUF:entiteittype="BRS" StUF:functie="entiteit">
		<RiHa:bron>AI</RiHa:bron>
		<RiHa:organisatie>Arbeids Inspectie</RiHa:organisatie>
		<RiHa:status>
			<RiHa:isBevraagd>J</RiHa:isBevraagd>
			<RiHa:heeftAntwoordGegeven>J</RiHa:heeftAntwoordGegeven>
		</RiHa:status>
	</RiHa:bron>
	<RiHa:vestiging StUF:entiteittype="VES" StUF:sleutelVerzendend="B1">
		<RiHa:isEen StUF:entiteittype="VESVES">
			<RiHa:gerelateerde StUF:entiteittype="VES">
				<BG:vestigingsNummer xsi:nil="true" StUF:noValue="waardeOnbekend"/>
				<BG:handelsnaam>ABCDE</BG:handelsnaam>
				<BG:verblijfsadres>
					<BG:wpl.woonplaatsNaam>Sneek</BG:wpl.woonplaatsNaam>
					<BG:gor.openbareRuimteNaam>Westereems</BG:gor.openbareRuimteNaam>
					<BG:aoa.postcode>8602CE</BG:aoa.postcode>
					<BG:aoa.huisnummer>14</BG:aoa.huisnummer>
					<BG:aoa.huisletter xsi:nil="true" StUF:noValue="geenWaarde"/>
					<BG:aoa.huisnummertoevoeging xsi:nil="true" StUF:noValue="geenWaarde"/>
					<BG:inp.locatiebeschrijving xsi:nil="true" StUF:noValue="geenWaarde"/>
				</BG:verblijfsadres>
				<BG:oefentActiviteitenUitVoor StUF:entiteittype="VESMAC">
					<BG:gerelateerde StUF:entiteittype="MAC">
						<BG:kvkNummer>47136005</BG:kvkNummer>
					</BG:gerelateerde>
				</BG:oefentActiviteitenUitVoor>
			</RiHa:gerelateerde>
		</RiHa:isEen>
		<RiHa:isAfkomstigVan StUF:entiteittype="VESBRS">
			<RiHa:gerelateerde StUF:entiteittype="BRS">
				<RiHa:bron>AI</RiHa:bron>
			</RiHa:gerelateerde>
		</RiHa:isAfkomstigVan>
	</RiHa:vestiging>
	<RiHa:vestiging StUF:entiteittype="VES" StUF:sleutelVerzendend="B2">
		<RiHa:isEen StUF:entiteittype="VESVES">
			<RiHa:gerelateerde StUF:entiteittype="VES">
				<BG:vestigingsNummer xsi:nil="true" StUF:noValue="geenWaarde"/>
				<BG:handelsnaam>ABCDE</BG:handelsnaam>
				<BG:sub.verblijfBuitenland>
					<BG:lnd.landnaam>Een land</BG:lnd.landnaam>
					<BG:sub.adresBuitenland1>Eng huisje</BG:sub.adresBuitenland1>
					<BG:sub.adresBuitenland2>AÀáÁâÂaÊëËeEeEÐeEèÈ 14</BG:sub.adresBuitenland2>
					<BG:sub.adresBuitenland3>AÀáÁâÂaÊëËeEeEÐeEèÈ</BG:sub.adresBuitenland3>
				</BG:sub.verblijfBuitenland>
				<BG:oefentActiviteitenUitVoor StUF:entiteittype="VESMAC" xsi:nil="true" StUF:noValue="geenWaarde"/>
			</RiHa:gerelateerde>
		</RiHa:isEen>
		<RiHa:isAfkomstigVan StUF:entiteittype="VESBRS">
			<RiHa:gerelateerde StUF:entiteittype="BRS">
				<RiHa:bron>AI</RiHa:bron>
			</RiHa:gerelateerde>
		</RiHa:isAfkomstigVan>
	</RiHa:vestiging>
	<RiHa:handhavingsobjecten StUF:entiteittype="HOB" StUF:functie="antwoord">
		<RiHa:parameters>
			<StUF:indicatorVervolgvraag>false</StUF:indicatorVervolgvraag>
		</RiHa:parameters>
		<RiHa:antwoord>
			<RiHa:handhavingsobject StUF:entiteittype="HOB" StUF:sleutelVerzendend="B1">
				<RiHa:identificatie xsi:nil="true" StUF:noValue="waardeOnbekend"/>
				<RiHa:verantwoordelijkeOrganisatie xsi:nil="true" StUF:noValue="waardeOnbekend"/>
				<RiHa:soort>Een soort handhavingsobject</RiHa:soort>
				<RiHa:omschrijving>Een handhavingsobject</RiHa:omschrijving>
				<RiHa:heeftInRol StUF:entiteittype="HOBBTR">
					<RiHa:gerelateerde>
						<RiHa:vestiging StUF:entiteittype="VES" StUF:sleutelVerzendend="B1"/>
					</RiHa:gerelateerde>
				</RiHa:heeftInRol>
				<RiHa:isAfkomstigVan StUF:entiteittype="HOBBRS">
					<RiHa:gerelateerde StUF:entiteittype="BRS">
						<RiHa:bron>AI</RiHa:bron>
					</RiHa:gerelateerde>
				</RiHa:isAfkomstigVan>
			</RiHa:handhavingsobject>
			<RiHa:handhavingsobject StUF:entiteittype="HOB" StUF:sleutelVerzendend="B2">
				<RiHa:identificatie xsi:nil="true" StUF:noValue="waardeOnbekend"/>
				<RiHa:verantwoordelijkeOrganisatie xsi:nil="true" StUF:noValue="waardeOnbekend"/>
				<RiHa:soort>Een soort handhavingsobject</RiHa:soort>
				<RiHa:omschrijving>Een handhavingsobject</RiHa:omschrijving>
				<RiHa:heeftInRol StUF:entiteittype="HOBBTR">
					<RiHa:gerelateerde>
						<RiHa:vestiging StUF:entiteittype="VES" StUF:sleutelVerzendend="B2"/>
					</RiHa:gerelateerde>
				</RiHa:heeftInRol>
				<RiHa:isAfkomstigVan StUF:entiteittype="HOBBRS">
					<RiHa:gerelateerde StUF:entiteittype="BRS">
						<RiHa:bron>AI</RiHa:bron>
					</RiHa:gerelateerde>
				</RiHa:isAfkomstigVan>
			</RiHa:handhavingsobject>
		</RiHa:antwoord>
	</RiHa:handhavingsobjecten>
</RiHa:vraagHandhavingsobject-Du02>
