<?xml version="1.0" encoding="UTF-8"?>
<RiHa:vraagHandhavingsobjectVES-Di02 xmlns:StUF="http://www.egem.nl/StUF/StUF0301" xmlns:BG="http://www.egem.nl/StUF/sector/bg/0310" xmlns:RiHa="http://www.ictu.nl/StUF/RiHa/0301" xmlns:xsi="http://www.w3.org/2001/XMLSchema-instance" xsi:schemaLocation="http://www.ictu.nl/StUF/RiHa/0301 ../inspectieview/riha0301_msg_inspectieview.xsd">
	<RiHa:stuurgegevens>
		<StUF:berichtcode>Di02</StUF:berichtcode>
		<StUF:zender>
			<StUF:applicatie>AI1</StUF:applicatie>
		</StUF:zender>
		<StUF:referentienummer>060ef8e3-6707-4b44-b5e2-6501ba9c5c8f</StUF:referentienummer>
		<StUF:functie>vraagHandhavingsobjectVES</StUF:functie>
	</RiHa:stuurgegevens>
	<RiHa:parameters>
		<RiHa:groepId>a8a49d3648cdb23bb45c9fb1de830ff</RiHa:groepId>
	</RiHa:parameters>
	<RiHa:gebruiker StUF:entiteittype="GBR" StUF:functie="entiteit">
		<RiHa:afzender>AI</RiHa:afzender>
		<RiHa:indicatieEindgebruiker/>
	</RiHa:gebruiker>
	<RiHa:vestigingOpCriteria StUF:entiteittype="VES" StUF:functie="selectie">
		<RiHa:gelijk StUF:entiteittype="VES">
			<RiHa:isEen StUF:entiteittype="VESVES">
				<RiHa:gerelateerde StUF:entiteittype="VES">
					<BG:handelsnaam>Shell</BG:handelsnaam>
				</RiHa:gerelateerde>
			</RiHa:isEen>
		</RiHa:gelijk>
	</RiHa:vestigingOpCriteria>
	<RiHa:handhavingsobject StUF:entiteittype="HOB" StUF:functie="selectie">
		<RiHa:parameters>
			<StUF:sortering>0</StUF:sortering>
			<StUF:indicatorVervolgvraag>false</StUF:indicatorVervolgvraag>
			<StUF:maximumAantal>50</StUF:maximumAantal>
		</RiHa:parameters>
	</RiHa:handhavingsobject>
</RiHa:vraagHandhavingsobjectVES-Di02>
